INPUT,FOUND_BY,DTXSID,PREFERRED_NAME,CASRN,MOLECULAR_FORMULA,AVERAGE_MASS,ATMOSPHERIC_HYDROXYLATION_RATE_(AOH)_CM3/MOLECULE*SEC_OPERA_PRED,BIOCONCENTRATION_FACTOR_OPERA_PRED,BIODEGRADATION_HALF_LIFE_DAYS_DAYS_OPERA_PRED,BOILING_POINT_DEGC_OPERA_PRED,HENRYS_LAW_ATM-M3/MOLE_OPERA_PRED,OPERA_KM_DAYS_OPERA_PRED,OCTANOL_AIR_PARTITION_COEFF_LOGKOA_OPERA_PRED,SOIL_ADSORPTION_COEFFICIENT_KOC_L/KG_OPERA_PRED,OCTANOL_WATER_PARTITION_LOGP_OPERA_PRED,MELTING_POINT_DEGC_OPERA_PRED,OPERA_PKAA_OPERA_PRED,OPERA_PKAB_OPERA_PRED,VAPOR_PRESSURE_MMHG_OPERA_PRED,WATER_SOLUBILITY_MOL/L_OPERA_PRED
DTXSID0020022,DSSTox_Substance_Id,DTXSID0020022,Acifluorfen,50594-66-6,C14H7ClF3NO5,361.66,1.3798e-11,5.01941,3.54931,322.23,1.07878e-08,0.894167,10.633,113.208,3.70059,150.015,-,-,1.14862e-09,0.0824185
DTXSID9020089,DSSTox_Substance_Id,DTXSID9020089,Anilazine,101-05-3,C9H5Cl3N4,275.52,6.06019e-12,81.7723,3.85915,331.737,3.89386e-07,0.782121,10.9801,999.571,3.87767,160.009,-,1.64573,6.2416e-09,2.89146e-05
DTXSID9020112,DSSTox_Substance_Id,DTXSID9020112,Atrazine,1912-24-9,C8H14ClN5,215.69,1.66556e-11,7.94979,4.90761,337.108,1.23943e-08,0.0892399,8.38479,173.852,2.61148,173.141,-,3.7936,2.88134e-07,0.000198547
DTXSID3020122,DSSTox_Substance_Id,DTXSID3020122,Azinphos-methyl,86-50-0,C10H12N3O3PS2,317.32,1.68308e-11,9.26715,95.264,334.654,9.963e-08,0.268986,9.82933,190.743,2.74875,72.9568,-,1.4101,1.5968e-06,7.28921e-05
DTXSID5020154,DSSTox_Substance_Id,DTXSID5020154,Clorophene,120-32-1,C13H11ClO,218.68,8.06824e-11,8725.3,8.61612,324.763,3.9191e-08,0.0978211,9.32648,2397.32,3.59891,48.5366,9.98366,-,1.4185e-06,0.000675335
DTXSID9020160,DSSTox_Substance_Id,DTXSID9020160,Bifenthrin,82657-04-3,C23H22ClF3O2,422.87,3.31994e-11,4990.65,3.54377,370.919,4.85349e-08,3.64746,10.4688,223091.0,6.18611,68.9916,-,-,1.79489e-07,5.06325e-08
DTXSID7020182,DSSTox_Substance_Id,DTXSID7020182,Bisphenol A,80-05-7,C15H16O2,228.291,1.63978e-11,43.6523,15.145,343.191,1.25155e-07,1.85933,8.38031,1436.23,3.32044,152.696,9.46122,-,6.77917e-08,0.000745153
DTXSID9020247,DSSTox_Substance_Id,DTXSID9020247,Carbaryl,63-25-2,C12H11NO2,201.225,1.41185e-11,8.88763,3.53203,314.943,1.38246e-08,0.0661502,9.12776,250.472,2.35802,144.908,8.13971,-,1.3637e-06,0.00031257
DTXSID2020347,DSSTox_Substance_Id,DTXSID2020347,Coumaphos,56-72-4,C14H16ClO5PS,362.76,2.66688e-11,554.431,7.84494,404.198,5.75465e-09,0.887335,11.7217,1132.0,4.12844,92.9621,-,-,9.73389e-08,4.15332e-06
DTXSID9020407,DSSTox_Substance_Id,DTXSID9020407,Diazinon,333-41-5,C12H21N2O3PS,304.34,1.75978e-11,70.7854,4.75886,343.403,1.13336e-07,1.17708,9.83215,561.251,3.80885,19.9722,-,3.54666,8.98517e-05,0.00015535
DTXSID2020420,DSSTox_Substance_Id,DTXSID2020420,Propyzamide,23950-58-5,C12H11Cl2NO,256.13,9.72422e-12,69.4172,3.31044,312.445,4.2177e-10,0.0880102,9.61752,203.736,3.42858,154.972,9.6348,-,4.36131e-07,4.98745e-05
DTXSID2020426,DSSTox_Substance_Id,DTXSID2020426,Dicloran,99-30-9,C6H4Cl2N2O2,207.01,1.53217e-12,15.5603,4.95998,319.571,3.07775e-09,0.272927,8.46152,995.914,2.7987,190.812,-,-1.6747,1.20818e-06,3.3186e-05
DTXSID0020440,DSSTox_Substance_Id,DTXSID0020440,Dichlorprop,120-36-5,C9H8Cl2O3,235.06,1.16471e-11,3.54397,3.53597,298.485,3.01412e-09,0.144763,9.1961,169.177,2.82704,122.077,3.04719,-,7.66774e-08,0.00196396
DTXSID0020442,DSSTox_Substance_Id,DTXSID0020442,"2,4-Dichlorophenoxyacetic acid",94-75-7,C8H6Cl2O3,221.03,8.50675e-12,3.33894,3.54877,300.498,2.95974e-09,0.214166,8.64937,45.9586,2.80925,140.55,2.41944,-,2.88557e-07,0.00684596
DTXSID0020446,DSSTox_Substance_Id,DTXSID0020446,Diuron,330-54-1,C9H10Cl2N2O,233.09,1.2044e-11,14.1888,4.50986,323.021,1.52783e-09,0.0356043,9.95684,250.231,2.6782,157.942,10.7036,-,6.91869e-08,0.000173803
DTXSID4020450,DSSTox_Substance_Id,DTXSID4020450,Dicofol,115-32-2,C14H9Cl5O,370.48,5.86241e-12,6168.88,20.526,370.337,1.46717e-09,97.2612,11.4057,5022.68,5.02414,77.4786,12.1718,-,3.96903e-07,2.34319e-06
DTXSID7020479,DSSTox_Substance_Id,DTXSID7020479,Dimethoate,60-51-5,C5H12NO3PS2,229.25,1.43227e-11,1.58793,82.443,308.682,2.05671e-08,0.0977548,9.91783,15.8484,0.780537,51.9376,-,2.45021,1.87383e-05,0.139206
DTXSID7020508,DSSTox_Substance_Id,DTXSID7020508,Dimethylarsinic acid,75-60-5,C2H7AsO2,137.998,-,-,-,-,-,-,-,-,-,-,-,-,-,-
DTXSID1020560,DSSTox_Substance_Id,DTXSID1020560,Endosulfan,115-29-7,C9H6Cl6O3S,406.9,7.29792e-12,3.9244,15.8443,364.832,2.41726e-05,5.4492,8.81202,12875.0,3.82812,106.051,-,-,1.72899e-07,1.01471e-06
DTXSID5020607,DSSTox_Substance_Id,DTXSID5020607,Di(2-ethylhexyl) phthalate,117-81-7,C24H38O4,390.564,1.91053e-11,587.818,4.81176,383.527,2.60504e-07,2.75259,11.6862,86757.0,7.52479,-53.0562,-,-,1.42842e-07,1.75353e-07
DTXSID8020620,DSSTox_Substance_Id,DTXSID8020620,Fenthion,55-38-9,C10H15O3PS2,278.32,1.69866e-11,330.472,4.54476,361.355,1.09166e-06,0.437374,9.42604,1511.89,4.08976,7.51313,-,-,1.05746e-05,2.32264e-05
DTXSID8020628,DSSTox_Substance_Id,DTXSID8020628,Fluometuron,2164-17-2,C10H11F3N2O,232.206,1.01678e-11,10.1565,4.49092,302.891,9.18068e-09,0.0861968,9.21809,79.5767,2.42095,163.872,10.3078,-,9.40215e-07,0.000388879
DTXSID2020686,DSSTox_Substance_Id,DTXSID2020686,Lindane,58-89-9,C6H6Cl6,290.81,1.65885e-13,1100.89,18.6094,236.383,3.21199e-06,31.0392,8.09186,1479.84,3.71918,76.7268,-,-,4.24436e-05,1.53011e-05
DTXSID7020764,DSSTox_Substance_Id,DTXSID7020764,Chlorpropham,101-21-3,C10H12ClNO2,213.66,1.56624e-11,32.4158,3.54249,284.138,4.39706e-09,0.0751531,9.02424,395.843,3.50695,41.0684,10.1938,-,0.000179366,0.000436028
DTXSID4020791,DSSTox_Substance_Id,DTXSID4020791,Malathion,121-75-5,C10H19O6PS2,330.35,7.77272e-12,33.0695,125.964,359.966,4.87686e-09,1.9412,9.61127,229.268,2.35864,2.83289,-,-,3.38613e-06,0.000439412
DTXSID5020819,DSSTox_Substance_Id,DTXSID5020819,Methidathion,950-37-8,C6H11N2O4PS3,302.32,1.70486e-11,5.49502,140.576,330.295,2.81136e-10,0.0709979,9.4558,33.9475,2.19921,39.027,-,2.16071,3.36924e-06,0.000673945
DTXSID9020827,DSSTox_Substance_Id,DTXSID9020827,Methoxychlor,72-43-5,C16H15Cl3O2,345.64,1.63598e-11,317.991,5.09595,346.007,2.05176e-07,28.1939,9.1736,79308.3,5.08015,86.9644,-,-,6.16014e-06,2.45045e-07
DTXSID1020855,DSSTox_Substance_Id,DTXSID1020855,Methyl parathion,298-00-0,C8H10NO5PS,263.2,1.25387e-11,84.94,4.99917,345.879,1.00755e-07,3.53404,8.20928,998.772,2.86214,35.3983,7.51387,-,3.52669e-06,0.000173298
DTXSID6021086,DSSTox_Substance_Id,DTXSID6021086,Oxamyl,23135-22-0,C7H13N3O3S,219.26,5.85381e-12,2.73736,4.63855,306.159,6.57824e-10,0.0854739,9.22556,10.0275,-0.470577,100.994,5.97382,3.26079,0.000228531,1.02531
DTXSID7021100,DSSTox_Substance_Id,DTXSID7021100,Parathion,56-38-2,C10H14NO5PS,291.26,1.58624e-11,97.8499,4.78024,374.964,2.98296e-07,0.390345,9.3349,1581.93,3.82965,6.28779,6.59683,-,6.69393e-06,4.37544e-05
DTXSID2021105,DSSTox_Substance_Id,DTXSID2021105,Pentachloronitrobenzene,82-68-8,C6Cl5NO2,295.32,2.37636e-13,550.819,12.2829,327.939,0.000939027,0.677731,7.56294,9556.21,4.63975,143.893,-,-,5.00853e-05,1.50719e-06
DTXSID2021151,DSSTox_Substance_Id,DTXSID2021151,2-Phenylphenol,90-43-7,C12H10O,170.211,8.42755e-11,48.602,22.4905,286.159,7.18725e-08,0.106915,9.19909,3412.25,3.09101,59.0344,9.34934,-,0.00197786,0.0154132
DTXSID1021160,DSSTox_Substance_Id,DTXSID1021160,Picloram,1918-02-1,C6H3Cl3N2O2,241.45,8.14808e-12,2.72427,4.09513,296.149,6.89915e-10,0.29306,8.1492,19.9741,1.89926,218.488,-,6.31552,7.23316e-11,0.00178706
DTXSID1021166,DSSTox_Substance_Id,DTXSID1021166,Piperonyl butoxide,51-03-6,C19H30O5,338.444,1.67071e-11,126.718,4.73111,324.413,2.24443e-06,4.19104,10.9118,10456.6,4.74542,34.3548,-,-,8.62437e-08,4.24338e-05
DTXSID3021196,DSSTox_Substance_Id,DTXSID3021196,Propazine,139-40-2,C9H16ClN5,229.71,1.38817e-11,13.2902,4.96923,338.297,1.22557e-08,0.127087,8.41215,250.555,2.93139,212.836,-,3.92901,1.3188e-07,3.7539e-05
DTXSID6021248,DSSTox_Substance_Id,DTXSID6021248,Rotenone,83-79-4,C23H22O6,394.423,1.23629e-10,25.7136,3.36189,425.934,1.81047e-09,0.257335,11.695,10020.0,4.09762,176.003,-,-,1.67365e-10,1.29423e-05
DTXSID4021268,DSSTox_Substance_Id,DTXSID4021268,Simazine,122-34-9,C7H12ClN5,201.66,1.10163e-11,3.64252,3.65866,334.481,1.86375e-08,0.11486,8.35592,126.139,2.18007,225.847,-,3.40513,2.23757e-08,4.30165e-05
DTXSID0021337,DSSTox_Substance_Id,DTXSID0021337,Thiabendazole,148-79-8,C10H7N3S,201.25,4.33375e-11,7.89022,3.53815,335.969,6.92464e-08,0.14564,10.0496,1739.36,2.46847,299.714,-,4.99655,4.03651e-09,0.0002519
DTXSID4021395,DSSTox_Substance_Id,DTXSID4021395,Trifluralin,1582-09-8,C13H16F3N3O4,335.283,1.38533e-11,2279.43,3.54656,365.044,0.000102672,4.15594,8.41432,15764.7,5.3382,49.7774,-,2.83857,4.59829e-05,8.49753e-07
DTXSID1021409,DSSTox_Substance_Id,DTXSID1021409,Triphenyltin hydroxide,76-87-9,C18H16OSn,367.035,-,-,-,-,-,-,-,-,-,-,-,-,-,-
DTXSID2021781,DSSTox_Substance_Id,DTXSID2021781,Dibutyl phthalate,84-74-2,C16H22O4,278.348,1.44311e-11,165.531,4.32093,339.891,1.80168e-06,0.397705,8.84348,1381.63,4.60902,-34.4277,-,-,2.01516e-05,4.01428e-05
DTXSID7021948,DSSTox_Substance_Id,DTXSID7021948,Propoxur,114-26-1,C11H15NO3,209.245,1.50794e-11,8.30227,4.64523,287.594,1.4229e-09,0.0960024,9.21559,46.9061,1.52408,87.0086,6.81421,-,9.65906e-06,0.0088806
DTXSID4021975,DSSTox_Substance_Id,DTXSID4021975,Diphenylamine,122-39-4,C12H11N,169.227,1.92492e-10,150.969,6.65386,302.031,7.36032e-08,2.22983,7.65602,604.842,3.49877,52.8997,-,1.16943,0.00066696,0.000258725
DTXSID9021976,DSSTox_Substance_Id,DTXSID9021976,2-Phenoxyethanol,122-99-6,C8H10O2,138.166,2.93828e-11,5.25352,5.47167,245.064,2.87663e-07,0.0833294,6.59977,67.6996,1.16071,14.303,11.8027,-,0.00702604,0.195134
DTXSID2021995,DSSTox_Substance_Id,DTXSID2021995,DEET,134-62-3,C12H17NO,191.274,1.69393e-11,2.4133,3.35859,289.966,1.44835e-07,0.173119,7.24971,191.917,2.18358,-44.4054,-,5.65295,0.0019986,0.00477281
DTXSID0022018,DSSTox_Substance_Id,DTXSID0022018,Disulfoton,298-04-4,C8H19O2PS3,274.39,4.51126e-11,218.225,142.53,313.428,4.77287e-06,1.07086,9.36263,1654.28,4.0184,-24.9887,-,-,9.80382e-05,6.60893e-05
DTXSID4022020,DSSTox_Substance_Id,DTXSID4022020,Bromacil,314-40-9,C9H13BrN2O2,261.119,1.71882e-11,3.23282,4.88671,290.808,1.34227e-06,0.0469187,8.41175,39.8863,2.10931,158.002,-,1.11907,3.09359e-07,0.00308373
DTXSID8022111,DSSTox_Substance_Id,DTXSID8022111,Propanil,709-98-8,C9H9Cl2NO,218.08,1.29622e-11,69.1099,3.51639,350.888,1.84447e-09,0.154615,9.10379,148.212,3.07062,92.1743,10.0861,-,9.01921e-07,0.000715564
DTXSID3022162,DSSTox_Substance_Id,DTXSID3022162,Bromoxynil,1689-84-5,C7H3Br2NO,276.915,6.02263e-12,5.76214,4.88254,306.687,2.31684e-07,0.206329,8.48481,469.167,2.62501,190.015,5.75268,-,4.81823e-08,0.000430874
DTXSID7022253,DSSTox_Substance_Id,DTXSID7022253,Resmethrin,10453-86-8,C22H26O3,338.447,6.35245e-11,499.737,3.34955,362.193,3.25272e-08,1.12054,10.1921,99728.0,6.13979,44.4208,8.8395,-,1.13555e-08,2.25867e-07
DTXSID1022265,DSSTox_Substance_Id,DTXSID1022265,Alachlor,15972-60-8,C14H20ClNO2,269.77,1.37941e-11,13.2282,4.32015,298.495,8.33696e-09,0.0795857,9.72039,190.919,3.51767,39.5205,-,3.06884,1.38363e-05,0.00076453
DTXSID8022292,DSSTox_Substance_Id,DTXSID8022292,Permethrin,52645-53-1,C21H20Cl2O3,391.29,3.32366e-11,446.953,3.35145,401.446,2.38712e-08,2.34418,11.6839,63169.8,6.49886,34.2828,-,-,2.18894e-08,2.13009e-07
DTXSID8022325,DSSTox_Substance_Id,DTXSID8022325,"2,2-Bis(4-hydroxyphenyl)-1,1,1-trichloroethane",2971-36-0,C14H11Cl3O2,317.59,1.60079e-11,129.971,15.0947,394.125,6.62359e-08,0.5983,9.14985,29619.2,4.62211,171.443,8.33227,-,3.62853e-09,0.000196509
DTXSID6022341,DSSTox_Substance_Id,DTXSID6022341,Prometon,1610-18-0,C10H19N5O,225.296,1.53736e-11,3.054,3.81693,336.289,2.99829e-08,0.114479,8.41333,397.963,2.99119,91.6904,-,3.55474,2.30284e-06,0.00304746
DTXSID4022361,DSSTox_Substance_Id,DTXSID4022361,Vinclozolin,50471-44-8,C12H9Cl2NO3,286.11,2.70033e-11,73.1347,3.35247,359.753,2.45822e-08,0.444354,10.6799,501.959,3.1015,108.024,-,-0.309364,1.20506e-07,1.04263e-05
DTXSID4022448,DSSTox_Substance_Id,DTXSID4022448,Metolachlor,51218-45-2,C15H22ClNO2,283.8,1.96838e-11,54.8956,4.88029,282.035,9.00862e-09,0.179642,9.38799,288.006,3.13089,-49.1762,-,2.4119,3.11485e-05,0.0018257
DTXSID3022455,DSSTox_Substance_Id,DTXSID3022455,Dimethyl phthalate,131-11-3,C10H10O4,194.186,5.99921e-12,3.9853,3.81297,284.522,7.59661e-08,0.191883,5.71834,39.8344,1.58409,35.7228,-,-,0.00307923,0.0205668
DTXSID4023412,DSSTox_Substance_Id,DTXSID4023412,Oxytetracycline dihydrate,6153-64-6,C22H28N2O11,496.469,7.31e-11,1.42326,147.805,378.5,1.36098e-11,0.408611,9.50064,538.462,-0.998598,197.051,-,7.18573,1.62995e-08,0.000722458
DTXSID8023846,DSSTox_Substance_Id,DTXSID8023846,Acephate,30560-19-1,C4H10NO3PS,183.16,1.12542e-11,1.22245,3.55577,286.783,4.93844e-09,0.108103,8.72198,2.01033,-0.848194,87.9791,7.63899,-,1.70504e-06,4.38636
DTXSID8023848,DSSTox_Substance_Id,DTXSID8023848,Acetochlor,34256-82-1,C14H20ClNO2,269.77,1.70445e-11,59.6099,4.88397,299.538,9.95484e-09,0.124656,9.72039,209.152,3.03176,19.0669,-,3.14635,1.5375e-05,0.000893355
DTXSID6023864,DSSTox_Substance_Id,DTXSID6023864,Metsulfuron-methyl,74223-64-6,C14H15N5O6S,381.36,1.76379e-11,1.55775,4.27083,264.676,8.88562e-12,0.150109,9.5482,34.7033,2.19896,162.041,-,2.03533,3.24649e-11,0.0133132
DTXSID1023869,DSSTox_Substance_Id,DTXSID1023869,Ametryn,834-12-8,C9H17N5S,227.33,1.49509e-11,6.50732,3.35341,344.987,2.34138e-08,0.138197,9.06819,389.067,2.9793,88.05,-,5.26789,2.72716e-06,0.000901246
DTXSID5023871,DSSTox_Substance_Id,DTXSID5023871,Amitraz,33089-61-1,C19H23N3,293.414,2.9343e-11,148.735,5.62971,356.555,9.82792e-06,4.00499,8.97069,1000.58,5.49516,86.0408,-,7.54699,1.99351e-06,1.91733e-06
DTXSID9023881,DSSTox_Substance_Id,DTXSID9023881,Clofentezine,74115-24-5,C14H8Cl2N4,303.15,2.70813e-11,865.549,14.1774,329.828,1.17708e-06,3.59856,10.9021,45484.1,3.09998,181.975,-,2.31317,9.7628e-10,4.22e-07
DTXSID8023892,DSSTox_Substance_Id,DTXSID8023892,Abamectin,71751-41-2,-,-,-,-,-,-,-,-,-,-,-,-,-,-,-,-
DTXSID3023897,DSSTox_Substance_Id,DTXSID3023897,Triadimefon,43121-43-3,C14H16ClN3O2,293.75,1.36859e-11,102.831,5.32299,350.223,6.88049e-09,0.145412,8.95547,513.823,2.7706,82.0546,7.21691,-,1.51147e-08,0.000244986
DTXSID3023899,DSSTox_Substance_Id,DTXSID3023899,Benfluralin,1861-40-1,C13H16F3N3O4,335.283,1.38536e-11,941.609,3.54327,369.959,4.25165e-05,1.86534,8.41432,10697.1,5.28994,65.1518,-,2.75411,6.50493e-05,4.79272e-07
DTXSID5023900,DSSTox_Substance_Id,DTXSID5023900,Benomyl,17804-35-2,C14H18N4O3,290.323,2.23276e-11,2.98032,4.6335,265.093,4.93573e-12,1.0565,9.16274,512.247,2.11888,192.959,6.81782,6.15153,3.6861e-09,1.0671e-05
DTXSID0023901,DSSTox_Substance_Id,DTXSID0023901,Bentazone,25057-89-0,C10H12N2O3S,240.28,1.67617e-11,1.41807,4.89764,303.704,2.58515e-10,0.144842,9.81435,33.9068,2.33723,138.102,7.67032,-,3.43124e-06,0.0021594
DTXSID9023914,DSSTox_Substance_Id,DTXSID9023914,Dicrotophos,141-66-2,C8H16NO5P,237.192,2.7784e-11,0.922621,4.13853,309.891,5.04106e-11,0.310396,7.37958,45.6565,0.000299434,-16.0635,-,6.53164,0.00015999,4.20595
DTXSID7023936,DSSTox_Substance_Id,DTXSID7023936,Butylate,2008-41-5,C11H23NOS,217.37,2.69191e-11,25.6398,11.4793,241.313,1.29486e-05,0.126461,7.43743,129.18,4.14868,1.74628,-,3.9342,0.0130344,0.000209019
DTXSID0023951,DSSTox_Substance_Id,DTXSID0023951,Carboxin,5234-68-4,C12H13NO2S,235.3,1.79808e-11,8.05338,3.165,315.742,3.05944e-08,0.103105,10.6391,256.564,2.14048,91.5922,8.82498,-,1.50023e-07,0.000698
DTXSID1023990,DSSTox_Substance_Id,DTXSID1023990,Cyanazine,21725-46-2,C9H13ClN6,240.7,1.5979e-11,11.2447,5.1556,324.679,4.60742e-09,0.108803,9.09595,190.846,2.22077,167.974,-,1.49168,1.38566e-07,0.000713337
DTXSID6023999,DSSTox_Substance_Id,DTXSID6023999,Cyromazine,66215-27-8,C6H10N6,166.188,3.39652e-11,1.65227,4.06498,326.419,9.40711e-09,0.171741,8.53336,199.314,0.803329,224.948,-,4.9575,3.35236e-09,0.0774962
DTXSID4024018,DSSTox_Substance_Id,DTXSID4024018,Dicamba,1918-00-9,C8H6Cl2O3,221.03,4.84574e-12,3.37742,3.52026,301.331,2.49008e-09,0.256173,8.67575,31.7015,2.21198,115.133,3.23079,-,3.33003e-05,0.0684572
DTXSID7024035,DSSTox_Substance_Id,DTXSID7024035,"2,4-Dichlorophenoxybutyric acid",94-82-6,C10H10Cl2O3,249.09,1.32421e-11,3.46699,3.53939,324.304,1.46881e-09,0.0874687,8.52581,280.599,3.52802,118.124,3.11,-,4.29731e-07,0.000627691
DTXSID6024048,DSSTox_Substance_Id,DTXSID6024048,Difenzoquat metilsulfate,43222-48-6,C18H20N2O4S,360.43,1.93439e-11,565.107,13.7793,335.84,3.12648e-05,1.91943,7.87682,5852.57,0.56318,164.155,-,0.359459,0.000102317,2.04751
DTXSID1024091,DSSTox_Substance_Id,DTXSID1024091,EPTC,759-94-4,C9H19NOS,189.32,3.17959e-11,23.7773,4.62751,215.905,2.89153e-07,0.0695576,6.9062,239.641,3.2102,0.371881,-,4.11624,0.0239796,0.00196959
DTXSID3024102,DSSTox_Substance_Id,DTXSID3024102,Fenamiphos,22224-92-6,C13H22NO3PS,303.36,1.65988e-11,2.3394,5.11766,320.782,1.32822e-07,1.00904,11.2506,323.068,3.2298,49.0156,6.33418,-,9.98417e-07,0.00110824
DTXSID8024109,DSSTox_Substance_Id,DTXSID8024109,Flutolanil,66332-96-5,C17H16F3NO2,323.315,1.37394e-11,19.54,3.54291,321.796,2.12974e-10,0.245715,10.761,1573.6,3.70202,104.543,11.5777,-,4.89328e-08,2.44084e-05
DTXSID4024145,DSSTox_Substance_Id,DTXSID4024145,Hexazinone,51235-04-2,C12H20N4O2,252.318,1.73945e-11,2.41846,4.71849,316.781,1.0755e-06,0.260743,9.62421,53.7751,1.84923,115.992,9.65768,-,2.25178e-07,0.130039
DTXSID8024151,DSSTox_Substance_Id,DTXSID8024151,Imazalil,35554-44-0,C14H14Cl2N2O,297.18,5.74952e-11,35.1016,3.35742,346.993,1.32081e-05,4.21194,9.83676,5334.19,3.81811,52.7705,-,8.12059,1.20175e-06,0.000613441
DTXSID3024152,DSSTox_Substance_Id,DTXSID3024152,Imazaquin,81335-37-7,C17H17N3O3,311.341,1.65459e-11,2.88632,3.34957,288.539,2.08609e-10,0.227621,9.33619,19.9887,1.86053,220.931,4.86074,-,1.71302e-10,0.00301365
DTXSID3024154,DSSTox_Substance_Id,DTXSID3024154,Iprodione,36734-19-7,C13H13Cl2N3O3,330.17,2.73605e-11,336.935,3.35697,352.678,3.12143e-09,0.852228,10.3451,707.738,2.99839,135.984,5.87876,1.94961,3.75742e-09,4.00318e-05
DTXSID8024159,DSSTox_Substance_Id,DTXSID8024159,Isoxaben,82558-50-7,C18H24N2O4,332.4,1.75049e-11,21.9371,4.30705,303.159,3.22151e-09,0.715843,10.5488,251.512,3.93986,177.453,-,2.1665,4.14603e-09,3.72585e-06
DTXSID7024160,DSSTox_Substance_Id,DTXSID7024160,Lactofen,77501-63-4,C19H15ClF3NO7,461.77,1.84703e-11,93.5328,3.54758,378.701,4.84472e-09,6.88765,10.267,10041.9,4.80799,45.0992,6.15975,-,6.97866e-08,2.17606e-07
DTXSID2024163,DSSTox_Substance_Id,DTXSID2024163,Linuron,330-55-2,C9H10Cl2N2O2,249.09,1.01719e-11,17.9046,3.53073,323.046,1.11731e-09,0.107149,9.92762,499.316,3.19781,93.0319,11.9432,-,1.44787e-06,0.000289987
DTXSID7024164,DSSTox_Substance_Id,DTXSID7024164,Bensulfuron-methyl,83055-99-6,C16H18N4O7S,410.4,1.6568e-11,4.77433,4.26826,264.697,9.00946e-12,0.14876,9.58193,315.107,2.28924,186.981,4.29529,-,2.12856e-14,0.000242493
DTXSID1024174,DSSTox_Substance_Id,DTXSID1024174,Tribufos,78-48-8,C12H27OPS3,314.5,2.00463e-11,457.467,378.717,343.85,2.98862e-07,0.254259,10.1055,5011.04,5.69968,15.8481,-,-,5.32026e-06,5.46514e-06
DTXSID6024175,DSSTox_Substance_Id,DTXSID6024175,Metalaxyl,57837-19-1,C15H21NO4,279.336,2.15604e-11,8.25493,4.28575,299.892,3.92326e-09,0.198614,9.83674,37.2169,1.65024,67.2974,-,3.56684,5.5709e-06,0.043674
DTXSID4024195,DSSTox_Substance_Id,DTXSID4024195,MCPA,94-74-6,C9H9ClO3,200.62,1.17055e-11,3.64045,3.54139,286.714,7.04143e-09,0.110027,8.53099,53.719,3.24334,120.032,3.49724,-,5.82008e-06,0.00952118
DTXSID6024204,DSSTox_Substance_Id,DTXSID6024204,Metribuzin,21087-64-9,C8H14N4OS,214.29,1.89359e-11,3.32533,3.75993,300.037,1.22074e-08,0.100676,7.51384,51.3347,1.70002,126.046,-,1.07705,4.38697e-07,0.00519961
DTXSID6024206,DSSTox_Substance_Id,DTXSID6024206,Molinate,2212-67-1,C9H17NOS,187.3,2.66814e-11,25.6166,3.69337,235.411,4.05102e-06,0.0831248,6.6655,83.465,3.2091,70.5421,-,3.9126,0.00559749,0.00536262
DTXSID5024211,DSSTox_Substance_Id,DTXSID5024211,Napropamide,15299-99-7,C17H21NO2,271.36,1.73713e-11,21.3782,3.35852,296.252,6.27599e-08,0.217809,9.35579,575.265,3.35829,75.2141,-,5.80563,1.73173e-07,0.000271987
DTXSID0024216,DSSTox_Substance_Id,DTXSID0024216,Nitrapyrin,1929-82-4,C6H3Cl4N,230.9,2.28367e-11,661.578,5.88915,266.246,0.00016051,10.6221,5.75483,418.297,3.41029,63.0277,-,2.28411,0.00482165,0.000206269
DTXSID8024234,DSSTox_Substance_Id,DTXSID8024234,Norflurazon,27314-13-2,C12H9ClF3N3O,303.67,2.69616e-11,22.9098,3.54622,315.675,1.10788e-09,0.363065,6.63767,1901.56,2.37755,183.817,-,0.596274,2.92972e-08,0.000101356
DTXSID3024235,DSSTox_Substance_Id,DTXSID3024235,Flusilazole,85509-19-9,C16H15F2N3Si,315.399,1.61573e-11,63.8364,200.596,348.793,2.70159e-07,0.625172,8.52515,1657.38,3.70142,54.0469,9.55842,-,2.9314e-07,0.000149013
DTXSID8024238,DSSTox_Substance_Id,DTXSID8024238,Oryzalin,19044-88-3,C12H18N4O6S,346.36,1.68927e-11,2.34495,3.53535,298.42,2.89578e-10,0.699862,10.7158,2504.16,3.7247,141.083,5.5362,-,2.88688e-09,1.41654e-05
DTXSID3024239,DSSTox_Substance_Id,DTXSID3024239,Oxadiazon,19666-30-9,C15H18Cl2N2O3,345.22,1.37875e-11,1202.29,4.78346,343.817,7.94501e-08,5.87101,9.29562,3232.19,4.79797,89.9562,-,4.68295,1.12145e-07,1.96239e-06
DTXSID7024241,DSSTox_Substance_Id,DTXSID7024241,Oxyfluorfen,42874-03-3,C15H11ClF3NO4,361.7,1.36986e-11,12848.1,3.54301,358.206,3.28307e-06,0.657309,8.95531,99588.3,4.72975,84.0125,-,1.85725,2.00595e-07,3.15494e-07
DTXSID2024242,DSSTox_Substance_Id,DTXSID2024242,Paclobutrazol,76738-62-0,C15H20ClN3O,293.8,1.672e-11,108.674,3.17758,321.754,1.90013e-07,2.69826,10.4006,500.194,3.20214,165.389,10.1696,3.47564,7.68607e-09,0.000102783
DTXSID7024245,DSSTox_Substance_Id,DTXSID7024245,Pendimethalin,40487-42-1,C13H19N3O4,281.312,1.38046e-11,578.79,3.54085,330.011,7.77053e-07,1.90558,10.1984,5013.25,5.1983,56.0787,-,3.04405,2.99346e-05,1.074e-06
DTXSID1024259,DSSTox_Substance_Id,DTXSID1024259,Phosalone,2310-17-0,C12H15ClNO4PS2,367.8,1.7107e-11,499.214,94.7555,417.378,1.9956e-07,1.6824,11.6888,426.685,4.38002,47.7737,-,3.32967,1.23063e-07,6.04461e-06
DTXSID0024266,DSSTox_Substance_Id,DTXSID0024266,Pirimiphos-methyl,29232-93-7,C11H20N3O3PS,305.33,1.73402e-11,11.5293,4.73242,337.797,3.45667e-07,2.04367,10.8223,998.039,4.19741,14.9997,-,3.96942,1.50282e-05,3.61291e-05
DTXSID4024270,DSSTox_Substance_Id,DTXSID4024270,Prochloraz,67747-09-5,C15H16Cl3N3O2,376.66,1.74497e-11,105.224,4.90556,335.799,1.92882e-07,1.93675,11.7577,502.528,4.0983,48.0966,-,3.62905,1.12572e-06,8.33735e-05
DTXSID4024272,DSSTox_Substance_Id,DTXSID4024272,Prometryn,7287-19-6,C10H19N5S,241.36,1.53821e-11,12.3274,4.74669,338.851,2.31181e-08,0.144942,9.11123,707.421,3.51124,118.767,-,5.23993,1.24348e-06,0.000110677
DTXSID3024287,DSSTox_Substance_Id,DTXSID3024287,Imazethapyr,81335-77-5,C15H19N3O3,289.335,1.2935e-11,4.26593,3.52308,277.227,2.99776e-10,0.633637,9.15553,7.11061,1.44578,171.011,3.99753,8.70047,2.11923e-10,0.00486458
DTXSID7024299,DSSTox_Substance_Id,DTXSID7024299,Hexythiazox,78587-05-0,C17H21ClN2O2S,352.88,1.38015e-11,144.804,35.0283,370.82,5.01031e-09,0.533748,10.3503,6153.81,2.90471,108.326,8.57084,-,2.55642e-08,8.30358e-07
DTXSID9024304,DSSTox_Substance_Id,DTXSID9024304,Sethoxydim,74051-80-2,C17H29NO3S,327.48,1.00897e-10,18.8625,4.65699,300.73,1.56268e-08,0.523044,9.6063,100.423,4.38022,85.9169,-,-1.48336,1.6004e-07,0.00106143
DTXSID8024315,DSSTox_Substance_Id,DTXSID8024315,Myclobutanil,88671-89-0,C15H17ClN4,288.78,1.66065e-11,33.7376,3.35398,339.227,3.18221e-07,2.23048,8.99596,501.959,2.9395,152.76,-,0.0157958,1.96376e-07,0.000480987
DTXSID3024316,DSSTox_Substance_Id,DTXSID3024316,Tebuthiuron,34014-18-1,C9H16N4OS,228.31,1.78389e-11,3.67787,4.69326,323.037,1.20415e-10,0.125541,10.158,67.7834,1.78757,168.432,8.45872,-,2.003e-06,0.0108377
DTXSID8024317,DSSTox_Substance_Id,DTXSID8024317,Terbacil,5902-51-2,C9H13ClN2O2,216.67,1.69143e-11,3.34181,4.30428,277.637,1.46499e-06,0.318396,7.51219,45.7517,1.89021,175.849,-,1.34829,4.75293e-07,0.00330593
DTXSID6024337,DSSTox_Substance_Id,DTXSID6024337,Thiobencarb,28249-77-6,C12H16ClNOS,257.78,1.52918e-11,169.455,2.94631,305.694,1.95111e-08,4.55274,9.60793,1860.99,3.39983,4.43802,-,0.1201,2.20039e-05,9.182e-05
DTXSID1024338,DSSTox_Substance_Id,DTXSID1024338,Thiophanate-methyl,23564-05-8,C12H14N4O4S2,342.39,1.69075e-11,5.6225,4.94349,264.844,1.6468e-10,0.287499,9.41844,1770.87,1.39975,167.42,9.3395,-,7.12033e-08,0.000181055
DTXSID5024344,DSSTox_Substance_Id,DTXSID5024344,Tri-allate,2303-17-5,C10H16Cl3NOS,304.65,1.45933e-11,454.39,4.40087,293.249,5.17357e-05,0.166949,8.85561,2234.16,4.59952,29.0233,-,2.87896,0.000120097,1.33432e-05
DTXSID0024345,DSSTox_Substance_Id,DTXSID0024345,Triasulfuron,82097-50-5,C14H16ClN5O5S,401.82,1.38607e-11,11.165,4.27448,264.744,8.17988e-11,0.160697,9.57664,104.672,1.10231,185.971,4.25826,-,1.65322e-11,0.000235597
DTXSID2024793,DSSTox_Substance_Id,DTXSID2024793,Chloroneb,2675-77-6,C8H8Cl2O2,207.05,4.09347e-12,698.265,3.53264,267.87,9.05433e-05,2.72183,5.72763,1258.61,3.15959,133.757,-,-,0.00301836,3.92705e-05
DTXSID7024902,DSSTox_Substance_Id,DTXSID7024902,Dazomet,533-74-4,C5H10N2S2,162.27,2.51338e-11,5.97317,4.35852,239.102,2.67833e-10,0.540266,5.08041,10.0245,0.630444,106.107,-,2.65579,2.83024e-06,0.0154425
DTXSID3031864,DSSTox_Substance_Id,DTXSID3031864,Perfluorooctanesulfonic acid,1763-23-1,C8HF17O3S,500.13,2.0141e-15,5.90952,4.92469,218.522,1.80335e-11,2.66175,4.74771,354.431,5.60926,185.167,-1.64089,-,2.47722e-06,0.000817049
DTXSID8031865,DSSTox_Substance_Id,DTXSID8031865,Perfluorooctanoic acid,335-67-1,C8HF15O2,414.07,8.46614e-13,4.96385,4.94317,188.994,1.91692e-10,1.34452,4.15594,1668.68,3.10642,54.2153,0.342521,-,0.11083,0.0332134
DTXSID9032327,DSSTox_Substance_Id,DTXSID9032327,Bendiocarb,22781-23-3,C11H13NO4,223.228,1.31522e-11,10.0736,5.14633,298.046,6.63603e-09,0.239485,9.00593,560.796,1.70159,129.922,7.23411,-,3.4384e-05,0.00122048
DTXSID9032329,DSSTox_Substance_Id,DTXSID9032329,Bensulide,741-58-2,C14H24NO4PS3,397.5,2.04167e-11,4.84233,201.543,384.666,1.56685e-06,0.41289,10.4409,1000.26,4.20853,34.4093,-,6.21538,8.01795e-07,6.31364e-05
DTXSID3032337,DSSTox_Substance_Id,DTXSID3032337,Butralin,33629-47-9,C14H21N3O4,295.339,1.38032e-11,508.208,3.55332,336.003,7.99842e-07,1.23076,10.3103,9539.45,4.92938,60.0555,-,2.95822,1.27506e-05,2.28793e-06
DTXSID2032344,DSSTox_Substance_Id,DTXSID2032344,Chlorethoxyfos,54593-83-8,C6H11Cl4O3PS,335.98,3.02338e-11,1103.47,4.72753,288.359,8.32047e-06,1.57562,8.95373,3971.22,4.58833,-1.16017,-,-,0.000795602,9.50147e-07
DTXSID6032352,DSSTox_Substance_Id,DTXSID6032352,Chlorpyrifos-methyl,5598-13-0,C7H7Cl3NO3PS,322.52,2.76025e-11,2298.59,5.6735,347.68,5.914e-07,5.97779,9.57353,3311.53,4.30989,42.9978,-,1.80631,4.20617e-05,1.29183e-05
DTXSID1032355,DSSTox_Substance_Id,DTXSID1032355,Clomazone,81777-89-1,C12H14ClNO2,239.7,1.37659e-11,67.9228,3.33761,275.056,3.30603e-08,0.598175,7.38028,276.031,2.49791,25.2499,-,-0.343009,0.000143401,0.00457951
DTXSID6032356,DSSTox_Substance_Id,DTXSID6032356,Cycloate,1134-23-2,C11H21NOS,215.36,3.53576e-11,44.9829,2.66993,253.16,1.70575e-07,0.200508,7.53275,346.852,3.92367,11.7077,-,5.26656,0.00199566,0.000385323
DTXSID1032359,DSSTox_Substance_Id,DTXSID1032359,Cyprodinil,121552-61-2,C14H15N3,225.295,1.64182e-11,29.8135,4.02791,348.111,2.52947e-08,0.71144,11.3192,2171.4,3.99844,76.005,-,5.34232,3.66586e-06,5.76269e-05
DTXSID5032365,DSSTox_Substance_Id,DTXSID5032365,Dichlobenil,1194-65-6,C7H3Cl2N,172.01,7.61003e-12,32.2862,5.33387,269.865,1.16922e-05,2.74658,5.87267,316.329,2.74149,144.159,-,-,0.000669028,0.000113831
DTXSID4032372,DSSTox_Substance_Id,DTXSID4032372,Difenoconazole,119446-68-3,C19H17Cl2N3O3,406.26,2.31739e-11,230.306,3.36235,335.579,4.93271e-06,2.38939,11.7315,4020.3,4.29715,76.1053,8.4895,3.55982,2.52914e-10,3.67506e-05
DTXSID4032376,DSSTox_Substance_Id,DTXSID4032376,Dimethenamid,87674-68-8,C12H18ClNO2S,275.79,1.16888e-11,62.9913,3.34898,294.311,8.11339e-08,0.195804,8.64846,236.886,2.14996,1.51238,-,0.391597,0.000272089,0.00453606
DTXSID9032379,DSSTox_Substance_Id,DTXSID9032379,Dithiopyr,97886-45-8,C15H16F5NO2S2,401.41,9.34794e-12,145.926,4.19478,342.845,3.47898e-09,0.816183,9.65159,681.779,4.74884,65.0254,-,-0.195095,7.67398e-07,3.48772e-06
DTXSID8032386,DSSTox_Substance_Id,DTXSID8032386,Ethalfluralin,55283-68-6,C13H14F3N3O4,333.267,4.81846e-11,199.042,3.54005,350.902,1.91713e-07,1.27239,7.54802,3992.48,5.11043,55.4805,-,1.95203,8.73343e-05,2.71979e-07
DTXSID2032390,DSSTox_Substance_Id,DTXSID2032390,Fenarimol,60168-88-9,C17H12Cl2N2O,331.2,1.42107e-11,145.735,25.8118,353.178,5.34324e-10,3.70757,10.6823,603.316,3.59023,118.014,11.584,-,2.23242e-07,4.19703e-05
DTXSID2032392,DSSTox_Substance_Id,DTXSID2032392,Fenoxaprop-ethyl,66441-23-4,C18H16ClNO5,361.78,1.72517e-11,174.804,5.14987,389.747,1.42678e-07,0.871904,11.5299,9511.02,4.57892,86.1674,-,1.28183,2.9893e-08,2.46476e-06
DTXSID7032393,DSSTox_Substance_Id,DTXSID7032393,Fenoxycarb,72490-01-8,C17H19NO4,301.342,1.67418e-11,18.2541,5.14604,315.079,4.85893e-10,0.445006,10.9359,1000.64,4.29686,53.3842,8.58788,-,3.23655e-08,2.08394e-05
DTXSID2032398,DSSTox_Substance_Id,DTXSID2032398,Fludioxonil,131341-86-1,C12H6F2N2O2,248.189,1.3897e-11,8.9758,3.54425,350.567,4.52502e-09,0.574523,9.89571,2639.59,4.11566,199.674,-,1.05429,2.94235e-09,6.91053e-06
DTXSID4032405,DSSTox_Substance_Id,DTXSID4032405,Formetanate hydrochloride,23422-53-9,C11H16ClN3O2,257.72,1.59928e-11,3.89196,4.62222,314.312,3.04091e-09,0.126049,8.78944,274.695,-0.462591,120.738,8.30647,9.88833,1.21681e-08,0.366389
DTXSID7032424,DSSTox_Substance_Id,DTXSID7032424,Mesotrione,104206-82-8,C14H13NO7S,339.32,7.02125e-11,3.1087,3.54023,412.126,1.01651e-09,0.67603,10.9158,57.7105,0.78305,110.453,-,-0.0619516,2.94552e-10,0.000913897
DTXSID5032442,DSSTox_Substance_Id,DTXSID5032442,Imidacloprid,138261-41-3,C9H10ClN5O2,255.66,1.31284e-11,14.9739,3.54366,322.948,1.9275e-10,0.0983106,8.83353,114.092,0.573492,144.038,-,1.92908,4.35961e-09,0.00237766
DTXSID7032470,DSSTox_Substance_Id,DTXSID7032470,Propetamphos,31218-83-4,C10H20NO4PS,281.31,2.8474e-11,7.51185,4.45882,299.884,3.81962e-10,0.299836,9.78496,175.902,3.81558,6.6843,-,5.77927,1.43287e-05,0.000390773
DTXSID1032482,DSSTox_Substance_Id,DTXSID1032482,Tebupirimfos,96182-53-5,C13H23N2O3PS,318.37,1.33172e-11,33.0974,5.69118,343.127,4.5896e-07,2.12364,9.57778,373.983,3.54339,22.9198,-,3.39175,3.77482e-05,1.74007e-05
DTXSID1032488,DSSTox_Substance_Id,DTXSID1032488,Thiazopyr,117718-60-2,C16H17F5N2O2S,396.38,1.39304e-11,100.901,3.54493,362.724,1.01166e-08,1.12907,8.95422,473.045,3.88906,77.9875,-,7.87275,2.24359e-06,6.02338e-06
DTXSID0032493,DSSTox_Substance_Id,DTXSID0032493,Triadimenol,55219-65-3,C14H18ClN3O2,295.77,1.65628e-11,111.055,3.36074,321.572,2.96651e-08,0.998513,10.1809,502.024,2.90124,124.075,10.2345,-,3.1403e-10,0.000313439
DTXSID0032497,DSSTox_Substance_Id,DTXSID0032497,Triclopyr,55335-06-3,C7H4Cl3NO3,256.46,5.68499e-12,3.14579,3.5412,307.122,1.33652e-09,0.280834,8.86682,46.9332,2.51575,149.026,2.07865,-,1.26864e-06,0.00449372
DTXSID5032498,DSSTox_Substance_Id,DTXSID5032498,Triclosan,3380-34-5,C12H7Cl3O2,289.54,1.74396e-11,52.8927,4.50619,342.341,6.52446e-10,0.444158,10.5464,36570.1,4.7624,55.8132,8.66165,-,2.45759e-07,3.44842e-05
DTXSID2032500,DSSTox_Substance_Id,DTXSID2032500,Triflumizole,68694-11-1,C15H15ClF3N3O,345.75,1.06423e-11,64.8958,4.63339,349.921,2.47381e-07,0.700993,8.84674,1534.77,1.40364,63.5056,-,6.76854,1.39914e-06,0.00103975
DTXSID2032502,DSSTox_Substance_Id,DTXSID2032502,Triflusulfuron-methyl,126535-15-7,C17H19F3N6O6S,492.43,2.07119e-11,3.92,5.1233,281.376,1.00267e-11,1.29979,9.63148,69.1266,3.55716,171.582,-,3.68513,1.80621e-10,0.000525746
DTXSID0032520,DSSTox_Substance_Id,DTXSID0032520,Azoxystrobin,131860-33-8,C22H17N3O5,403.394,1.68071e-11,12.6901,5.68791,359.044,3.38183e-09,2.3119,11.6865,5514.34,2.50285,115.99,-,1.23744,8.33097e-13,1.56743e-05
DTXSID5032525,DSSTox_Substance_Id,DTXSID5032525,Bifenazate,149877-41-8,C17H20N2O3,300.358,1.70067e-11,46.4627,3.53994,306.757,7.13473e-10,0.215005,9.23541,1746.67,3.16535,122.032,9.59658,-,7.43676e-08,9.33241e-06
DTXSID3032547,DSSTox_Substance_Id,DTXSID3032547,Etridiazole,2593-15-9,C5H5Cl3N2OS,247.52,1.43414e-11,3.35339,4.79223,188.092,2.92052e-06,1.71815,6.65738,996.311,3.36811,20.0015,-,1.68315,0.00010045,0.000432985
DTXSID8032548,DSSTox_Substance_Id,DTXSID8032548,Fenbuconazole,114369-43-6,C19H17ClN4,336.82,1.66695e-11,282.501,3.35388,349.411,3.93167e-06,1.03452,10.0925,891.163,3.2286,125.062,-,0.0619476,3.74367e-08,1.12819e-06
DTXSID3032549,DSSTox_Substance_Id,DTXSID3032549,Fenhexamid,126833-17-8,C14H17Cl2NO2,302.2,1.69837e-11,95.8645,6.36354,333.322,1.59158e-10,0.707635,9.2171,4716.54,3.51253,221.12,-,-,3.43814e-08,6.66403e-05
DTXSID7032551,DSSTox_Substance_Id,DTXSID7032551,Fluazinam,79622-59-6,C13H4Cl2F6N4O4,465.09,9.23844e-12,887296.0,4.6544,345.899,1.57861e-11,0.809563,10.7549,2031.62,4.00975,113.013,-,4.24212,9.04397e-11,1.04164e-06
DTXSID2032552,DSSTox_Substance_Id,DTXSID2032552,Flufenacet,142459-58-3,C14H13F4N3O2S,363.33,1.387e-11,10.9572,3.54132,350.458,8.12534e-09,0.528039,9.29082,1766.01,3.19999,76.0423,-,0.444474,6.76087e-07,0.000153939
DTXSID7032553,DSSTox_Substance_Id,DTXSID7032553,Flumetralin,62924-70-3,C16H12ClF4N3O4,421.73,1.37764e-11,35265.1,3.54617,347.757,1.77614e-06,1.16626,9.82341,9991.33,5.44683,101.973,-,4.22035,2.39495e-07,1.759e-07
DTXSID7032555,DSSTox_Substance_Id,DTXSID7032555,Flumioxazin,103361-09-7,C19H15FN2O4,354.337,1.29459e-10,7.59518,3.3585,408.335,3.97977e-10,2.6019,11.6846,1306.23,2.54927,202.415,-,3.31254,2.40069e-06,5.03755e-06
DTXSID6032562,DSSTox_Substance_Id,DTXSID6032562,Octylbicycloheptenedicarboximide,113-48-4,C17H25NO2,275.392,6.40211e-11,7.03482,4.64526,304.314,1.01079e-07,0.98991,9.94307,2769.6,3.69976,56.3319,-,6.59325,1.78551e-05,0.00175179
DTXSID1032569,DSSTox_Substance_Id,DTXSID1032569,Pirimicarb,23103-98-2,C11H18N4O2,238.291,1.52469e-11,6.82077,3.81633,310.369,3.22416e-09,0.603817,8.63262,79.5512,1.6979,90.5438,-,4.62998,7.26987e-06,0.0116253
DTXSID5032573,DSSTox_Substance_Id,DTXSID5032573,Pyridaben,96489-71-3,C19H25ClN2OS,364.93,2.39027e-11,599.033,13.0229,364.626,5.25096e-08,0.638193,10.3163,2224.03,6.3671,111.437,-,4.57037,1.18204e-06,4.46881e-08
DTXSID5032577,DSSTox_Substance_Id,DTXSID5032577,Tefluthrin,79538-32-2,C17H14ClF7O2,418.74,2.18234e-11,1246.93,3.54067,306.215,4.47543e-08,7.37772,8.42149,1529.46,6.49966,44.5881,-,-,5.97455e-05,4.29094e-08
DTXSID9032581,DSSTox_Substance_Id,DTXSID9032581,Zoxamide,156052-68-5,C14H16Cl3NO2,336.64,1.88411e-11,109.319,3.16936,339.363,1.30217e-09,1.44824,10.7827,612.91,3.75938,107.848,8.25667,-,2.10659e-06,2.0574e-06
DTXSID5032600,DSSTox_Substance_Id,DTXSID5032600,Cyclanilide,113136-77-9,C11H9Cl2NO3,274.1,9.25775e-12,3.23368,3.09308,294.204,2.00934e-10,0.143718,9.12742,576.606,2.68349,119.394,2.07697,-,5.14649e-09,0.000175412
DTXSID0032601,DSSTox_Substance_Id,DTXSID0032601,Cyproconazole,94361-06-5,C15H18ClN3O,291.78,1.66375e-11,43.1516,3.44831,321.422,5.47602e-10,3.97091,10.6582,182.12,2.90198,107.543,9.34647,-,2.60598e-07,0.000429129
DTXSID0032605,DSSTox_Substance_Id,DTXSID0032605,(+-)-Diclofop-methyl,51338-27-3,C16H14Cl2O4,341.18,1.37134e-11,220.286,4.653,349.266,9.19937e-09,1.96172,9.81963,15762.3,4.70945,40.1023,-,-,3.48898e-06,7.44548e-06
DTXSID4032611,DSSTox_Substance_Id,DTXSID4032611,Ethoprop,13194-48-4,C8H19O2PS2,242.33,4.25202e-11,20.3949,140.677,286.402,1.47709e-05,0.105491,8.6381,71.004,3.58788,-12.909,-,-,0.000380384,0.00370198
DTXSID4032613,DSSTox_Substance_Id,DTXSID4032613,Fenitrothion,122-14-5,C9H12NO5PS,277.23,1.59772e-11,89.0529,4.30509,353.167,9.23114e-07,1.07095,8.86578,427.929,3.30116,3.51253,8.2477,-,5.2781e-05,0.000104593
DTXSID4032615,DSSTox_Substance_Id,DTXSID4032615,Flumetsulam,98967-40-9,C12H9F2N5O2S,325.29,1.37818e-11,2.52379,4.29121,305.611,5.69987e-08,1.02286,10.8992,28.2563,1.60967,251.935,-,4.23741,2.80193e-12,0.00161527
DTXSID3032628,DSSTox_Substance_Id,DTXSID3032628,Methoxyfenozide,161050-58-4,C22H28N2O3,368.477,2.03884e-11,74.4817,3.35393,328.73,1.48176e-09,0.705862,10.3986,1851.25,3.69869,204.479,10.4065,-,3.43903e-08,4.90474e-06
DTXSID2032637,DSSTox_Substance_Id,DTXSID2032637,Pymetrozine,123312-89-0,C10H11N5O,217.232,1.33638e-11,2.35499,3.35529,258.797,7.22618e-07,0.361286,6.69599,77.5672,-0.17737,216.884,-,1.76267,8.2229e-05,0.00131407
DTXSID7032638,DSSTox_Substance_Id,DTXSID7032638,Pyraclostrobin,175013-18-0,C19H18ClN3O4,387.82,1.74763e-11,174.446,5.15004,335.991,1.49081e-07,1.7981,11.7081,1622.29,3.98987,116.214,-,5.38509,8.47743e-09,4.90703e-06
DTXSID1032640,DSSTox_Substance_Id,DTXSID1032640,Pyriproxyfen,95737-68-1,C20H19NO3,321.376,1.7535e-11,535.644,3.64818,376.482,6.21136e-06,1.02455,10.3268,8779.75,4.19946,46.2777,-,2.83641,2.16876e-06,1.151e-06
DTXSID6032641,DSSTox_Substance_Id,DTXSID6032641,Quinclorac,84087-01-4,C10H5Cl2NO2,242.06,1.17197e-11,3.54807,3.10053,324.501,3.31582e-09,0.21341,9.82462,2564.64,2.77183,273.871,2.61236,-,2.24324e-07,2.80819e-07
DTXSID1032642,DSSTox_Substance_Id,DTXSID1032642,Rimsulfuron,122931-48-0,C14H17N5O7S2,431.44,1.66936e-11,3.04552,4.27084,275.956,7.24338e-11,0.159527,9.60381,51.3595,0.290911,176.991,-,6.91972,1.12256e-08,0.000210679
DTXSID6032645,DSSTox_Substance_Id,DTXSID6032645,Sulfentrazone,122836-35-5,C11H10Cl2F2N4O3S,387.18,2.15602e-11,7.64343,5.69031,342.438,9.35139e-11,1.02083,11.0785,450.883,0.993599,122.057,4.97493,4.05787,9.7251e-10,0.00199162
DTXSID6032649,DSSTox_Substance_Id,DTXSID6032649,Tetramethrin,7696-12-0,C19H25NO4,331.412,1.46105e-10,8.81393,3.35399,339.127,9.76411e-06,1.52109,11.5741,1791.04,4.72729,69.0098,-,5.39513,7.03012e-06,6.48624e-06
DTXSID0032651,DSSTox_Substance_Id,DTXSID0032651,Thidiazuron,51707-55-2,C9H8N4OS,220.25,1.31633e-11,4.4416,3.44007,276.156,1.85107e-10,0.143237,9.13058,109.792,1.7691,222.392,7.56295,-,2.34028e-11,9.14291e-05
DTXSID0032655,DSSTox_Substance_Id,DTXSID0032655,Triticonazole,131983-72-7,C17H20ClN3O,317.82,2.98292e-11,102.223,5.24696,319.575,2.93292e-10,3.49166,11.3278,1459.84,3.29296,139.795,8.29684,-,3.13515e-07,0.000101682
DTXSID4032667,DSSTox_Substance_Id,DTXSID4032667,Esfenvalerate,66230-04-4,C25H22ClNO3,419.91,2.50205e-11,707.188,3.54557,434.889,8.2251e-08,4.89496,11.6877,5415.87,6.1996,52.3713,-,-,1.50119e-09,3.05987e-09
DTXSID1032690,DSSTox_Substance_Id,DTXSID1032690,Indoxacarb,173584-44-6,C22H17ClF3N3O7,527.84,2.07586e-11,4.58268,5.69196,349.973,2.1634e-08,6.27325,11.6823,4317.56,4.64653,140.45,-,6.80414,2.3547e-10,3.82816e-07
DTXSID1034210,DSSTox_Substance_Id,DTXSID1034210,Prodiamine,29091-21-2,C13H17F3N4O4,350.298,1.38523e-11,90.2771,3.54245,349.007,1.34948e-08,0.511762,10.4289,12871.9,4.10224,124.004,-,4.30392,2.49697e-08,3.75072e-08
DTXSID1034212,DSSTox_Substance_Id,DTXSID1034212,Spiroxamine,118134-30-8,C18H35NO2,297.483,1.6506e-11,35.4985,15.2027,321.358,7.63663e-07,6.64561,8.97018,1720.95,4.61567,-7.11871,-,8.96543,0.00012739,0.00145292
DTXSID0034223,DSSTox_Substance_Id,DTXSID0034223,Tebufenpyrad,119168-77-3,C18H24ClN3O,333.86,1.73816e-11,14.1904,3.35154,341.523,1.52938e-10,1.14043,10.7141,799.499,4.60966,61.635,-,4.26701,8.99803e-07,7.52837e-06
DTXSID0034227,DSSTox_Substance_Id,DTXSID0034227,Icaridin,119515-38-7,C12H23NO3,229.32,1.81704e-11,3.81105,5.17405,251.892,8.48213e-09,0.52211,9.25974,144.583,2.53399,39.5335,-,8.89657,0.000113065,0.115092
DTXSID9034232,DSSTox_Substance_Id,DTXSID9034232,2-(m-Chlorophenoxy)propionic acid,101-10-0,C9H9ClO3,200.62,1.14006e-11,4.02421,3.53794,288.574,7.12622e-09,0.0975951,8.42892,56.4221,2.54188,108.33,3.74913,-,3.40903e-05,0.00603568
DTXSID7034252,DSSTox_Substance_Id,DTXSID7034252,Tepraloxydim,149979-41-9,C17H24ClNO4,341.83,1.14323e-10,19.7592,3.35636,333.285,2.82246e-09,0.497024,9.94637,2504.59,3.6877,97.9212,-,0.612658,1.35361e-06,0.00125792
DTXSID5034270,DSSTox_Substance_Id,DTXSID5034270,Imazapic,104098-48-8,C14H17N3O3,275.308,1.29044e-11,4.09372,3.342,302.551,3.03021e-10,0.56567,9.07922,36.6712,2.46371,173.773,1.99703,8.22909,8.77853e-08,0.00813003
DTXSID0034300,DSSTox_Substance_Id,DTXSID0034300,Acetamiprid,135410-20-7,C10H11ClN4,222.68,8.45362e-12,14.029,4.64121,314.331,3.39935e-09,0.798824,6.87615,120.043,1.83414,98.921,-,2.49808,9.19567e-05,0.0169313
DTXSID5034303,DSSTox_Substance_Id,DTXSID5034303,Fluroxypyr-meptyl,81406-37-3,C15H21Cl2FN2O3,367.24,9.21943e-12,12.9398,4.48451,349.994,3.57812e-09,0.245762,10.9271,2434.53,4.52918,59.1207,-,5.42881,1.01138e-08,3.0365e-07
DTXSID4034364,DSSTox_Substance_Id,DTXSID4034364,Oxasulfuron,144651-06-9,C17H18N4O6S,406.41,1.93759e-11,1.65027,4.2866,264.725,3.25864e-10,0.129169,9.59557,84.8331,1.10144,186.404,3.3887,-,5.06885e-11,0.000411525
DTXSID6034392,DSSTox_Substance_Id,DTXSID6034392,Boscalid,188425-85-6,C18H12Cl2N2O,343.21,1.05639e-11,776.497,5.99313,396.779,2.67358e-09,1.41339,10.3441,1557.27,2.96055,177.632,-,2.02869,1.17391e-09,1.05569e-05
DTXSID8034401,DSSTox_Substance_Id,DTXSID8034401,Buprofezin,69327-76-0,C16H23N3OS,305.44,1.38094e-11,52.49,6.89035,353.763,1.27655e-07,0.14324,10.6306,1447.32,4.29853,104.939,-,4.19847,9.35577e-06,2.1137e-06
DTXSID3034402,DSSTox_Substance_Id,DTXSID3034402,Butachlor,23184-66-9,C17H26ClNO2,311.85,1.99937e-11,309.042,4.92521,326.293,4.8868e-08,0.192014,10.8342,724.3,4.49699,-2.7295,-,3.0683,2.88382e-06,6.74755e-05
DTXSID3034456,DSSTox_Substance_Id,DTXSID3034456,Cinmethylin,87818-31-3,C18H26O2,274.404,1.67276e-11,254.686,13.884,313.064,8.21478e-06,2.3698,8.77249,398.561,4.62022,25.15,-,-,7.54085e-05,0.00022709
DTXSID2034465,DSSTox_Substance_Id,DTXSID2034465,Clothianidin,210880-92-5,C6H8ClN5O2S,249.67,1.04065e-11,14.1743,3.55227,326.576,1.87473e-09,0.23457,8.06805,6.41952,0.701681,187.451,6.7919,-,1.62319e-07,0.00135043
DTXSID4034528,DSSTox_Substance_Id,DTXSID4034528,Diclosulam,145701-21-9,C13H10Cl2FN5O3S,406.21,1.39223e-11,17.7888,5.68686,328.155,5.30841e-10,1.62568,10.3612,170.531,2.5203,202.82,-,1.26425,1.06983e-10,1.56607e-05
DTXSID7034545,DSSTox_Substance_Id,DTXSID7034545,Dimethomorph,110488-70-5,C21H22ClNO4,387.86,2.03741e-11,77.4658,4.91337,418.338,4.33245e-09,1.2743,11.7089,2577.57,2.68022,147.942,-,8.26598,7.35824e-09,7.35916e-05
DTXSID0034566,DSSTox_Substance_Id,DTXSID0034566,Emamectin benzoate,155569-91-8,-,-,-,-,-,-,-,-,-,-,-,-,-,-,-,-
DTXSID9034573,DSSTox_Substance_Id,DTXSID9034573,Ethametsulfuron-methyl,97780-06-8,C15H18N6O6S,410.41,1.93741e-11,2.76934,4.27301,281.308,1.01549e-11,0.174256,9.40984,85.0629,1.58967,193.963,-,3.42346,8.39028e-10,1.30055e-05
DTXSID8034580,DSSTox_Substance_Id,DTXSID8034580,Ethofumesate,26225-79-6,C13H18O5S,286.34,1.58096e-11,1.91856,4.72739,315.005,1.25465e-06,1.08453,7.77586,338.726,2.70255,71.0647,-,-,4.91434e-06,0.000258927
DTXSID8034586,DSSTox_Substance_Id,DTXSID8034586,Etoxazole,153233-91-1,C21H23F2NO2,359.417,1.73647e-11,2393.52,4.44981,365.38,5.91147e-07,0.987746,9.81979,1582.27,3.76241,101.456,8.17438,-,1.64816e-08,2.03085e-07
DTXSID2034590,DSSTox_Substance_Id,DTXSID2034590,Fenamidone,161326-34-7,C17H17N3OS,311.4,1.38421e-11,79.2951,8.38196,358.987,7.5465e-10,1.21674,10.7603,2162.4,2.74697,192.363,-,0.722086,6.15858e-07,2.50384e-05
DTXSID4034609,DSSTox_Substance_Id,DTXSID4034609,Fipronil,120068-37-3,C12H4Cl2F6N4OS,437.14,1.45375e-11,5.12794,3.54338,336.486,9.15826e-09,0.618058,10.5369,411.369,3.99786,200.487,7.36402,-,2.77204e-09,6.166e-06
DTXSID2034625,DSSTox_Substance_Id,DTXSID2034625,Fluoxastrobin,361377-29-9,C21H16ClFN4O5,458.83,1.33935e-11,346.403,4.25613,334.949,2.08987e-09,9.19494,11.6934,84917.5,4.0112,170.034,-,2.58068,1.30376e-10,5.00952e-06
DTXSID2034627,DSSTox_Substance_Id,DTXSID2034627,Fluroxypyr,69377-81-7,C7H5Cl2FN2O3,255.03,4.49575e-12,4.73499,3.54501,305.611,9.29943e-09,0.181554,8.13707,106.644,1.67697,231.95,2.77121,-,2.84871e-11,0.00303039
DTXSID1034634,DSSTox_Substance_Id,DTXSID1034634,Forchlorfenuron,68157-60-8,C12H10ClN3O,247.68,1.31493e-11,26.6872,3.52691,274.149,8.57022e-10,0.113339,9.2613,374.087,3.19949,167.146,11.5237,-,3.47279e-10,0.00015773
DTXSID9034650,DSSTox_Substance_Id,DTXSID9034650,Halosulfuron-methyl,100784-20-1,C13H15ClN6O7S,434.81,1.29409e-11,2.5932,4.26246,264.938,5.40092e-11,0.357939,9.56203,45.0168,-0.0166053,175.99,-,2.90847,1.55836e-10,2.8581e-05
DTXSID4034653,DSSTox_Substance_Id,DTXSID4034653,Hexaconazole,79983-71-4,C14H17Cl2N3O,314.21,1.66087e-11,43.8003,3.34972,321.193,5.47037e-10,2.21358,10.6778,333.811,3.89879,111.122,8.45607,-,1.35751e-07,5.57587e-05
DTXSID3034664,DSSTox_Substance_Id,DTXSID3034664,Imazamox,114311-32-9,C15H19N3O4,305.334,1.66671e-11,3.80997,3.3512,277.19,6.48101e-11,0.230238,9.20579,27.2745,0.730687,166.02,3.41605,8.61851,9.62602e-09,0.171009
DTXSID8034665,DSSTox_Substance_Id,DTXSID8034665,Imazapyr,81334-34-1,C13H15N3O3,261.281,1.28577e-11,3.38248,3.52197,276.3,3.04214e-10,0.250053,8.99866,99.8607,0.223712,171.026,4.76494,-,9.12289e-10,0.0433379
DTXSID2034673,DSSTox_Substance_Id,DTXSID2034673,Iodosulfuron methyl ester sodium salt,144550-36-7,C14H13IN5NaO6S,529.24,1.76607e-11,3.51252,4.73647,265.004,9.56253e-12,0.159128,9.62766,54.5368,1.88119,175.71,-,1.22876,2.05787e-10,0.0461674
DTXSID7034676,DSSTox_Substance_Id,DTXSID7034676,Isazofos,42509-80-8,C9H17ClN3O3PS,313.74,1.64097e-11,153.769,4.73117,331.243,3.04073e-07,2.36154,9.78096,102.61,3.81854,6.12476,-,0.326104,8.70561e-05,0.00024898
DTXSID6034712,DSSTox_Substance_Id,DTXSID6034712,Mesosulfuron-methyl,208465-21-8,C17H21N5O9S2,503.5,1.78637e-11,3.2453,4.26547,254.085,1.38449e-11,0.326651,9.4359,44.2284,1.01427,173.343,4.46023,-,2.73061e-10,0.000953585
DTXSID5034723,DSSTox_Substance_Id,DTXSID5034723,Isoxaflutole,141112-29-0,C15H12F3NO4S,359.32,1.38613e-11,2.76778,3.53964,371.043,1.85416e-10,1.46492,9.43248,815.156,2.32189,139.924,4.25281,-,7.51652e-09,1.74095e-05
DTXSID7034753,DSSTox_Substance_Id,DTXSID7034753,Foramsulfuron,173159-57-4,C17H20N6O7S,452.44,2.34609e-11,3.84639,5.67465,265.108,1.03188e-11,0.34074,9.47205,50.2145,0.74537,175.182,-,6.78107,4.33528e-10,0.00720225
DTXSID5034773,DSSTox_Substance_Id,DTXSID5034773,Novaluron,116714-46-6,C17H9ClF8N2O4,492.71,1.38322e-11,63.1745,4.4669,240.91,1.12229e-11,1.9208,9.47356,12638.2,5.2698,177.52,12.3803,-,7.06392e-10,4.11771e-08
DTXSID0034803,DSSTox_Substance_Id,DTXSID0034803,Penoxsulam,219714-96-2,C16H14F5N5O5S,483.37,1.74334e-11,6.61682,5.67596,322.722,2.61775e-09,3.38888,10.3622,113.543,2.48221,196.686,-,0.693858,7.99217e-11,0.000851618
DTXSID6034849,DSSTox_Substance_Id,DTXSID6034849,Propamocarb hydrochloride,25606-41-1,C9H21ClN2O2,224.73,2.68346e-11,2.83071,4.29068,226.514,1.48351e-09,0.314162,8.37583,308.284,0.0280938,64.2581,9.9467,8.98553,0.000126083,4.60874
DTXSID0034855,DSSTox_Substance_Id,DTXSID0034855,Fluazifop-P-butyl,79241-46-6,C19H20F3NO4,383.367,1.3344e-11,46.8316,5.13994,354.083,3.50408e-08,3.50237,9.86272,4174.76,4.49985,9.15205,-,1.67799,4.12361e-07,2.76181e-06
DTXSID9034868,DSSTox_Substance_Id,DTXSID9034868,Prosulfuron,94125-34-5,C15H16F3N5O4S,419.38,1.3862e-11,2.59172,5.68618,264.576,2.47437e-11,0.15587,9.503,75.0078,1.89079,180.13,2.39744,-,1.14298e-11,0.000813747
DTXSID3034872,DSSTox_Substance_Id,DTXSID3034872,Chloridazon,1698-60-8,C10H8ClN3O,221.64,2.04027e-11,7.9564,3.33873,332.137,6.42504e-10,0.0757572,8.49864,120.215,1.1718,205.058,-,1.01563,4.51484e-07,0.00158841
DTXSID8034877,DSSTox_Substance_Id,DTXSID8034877,Pyrimethanil,53112-28-0,C12H13N3,199.257,1.81928e-11,15.2147,4.31527,324.217,1.38136e-07,0.806753,10.4063,736.665,2.84142,96.3769,-,5.08842,1.63839e-05,0.000598012
DTXSID2034881,DSSTox_Substance_Id,DTXSID2034881,Quinoxyfen,124495-18-7,C15H8Cl2FNO,308.13,1.10431e-11,613.86,3.54895,373.057,1.91717e-06,1.08746,9.86724,6921.85,4.65989,106.759,-,5.45878,1.4939e-07,2.37616e-07
DTXSID0034930,DSSTox_Substance_Id,DTXSID0034930,Fosthiazate,98886-44-3,C9H18NO3PS2,283.34,1.88479e-11,3.62256,4.19589,307.906,1.74977e-10,0.499461,9.81958,230.851,1.6808,89.6363,-,0.035482,4.22789e-06,0.0327672
DTXSID4034948,DSSTox_Substance_Id,DTXSID4034948,Tebufenozide,112410-23-8,C22H28N2O2,352.478,1.38653e-11,79.8317,3.3515,328.791,1.5377e-09,0.726647,10.4361,1900.53,4.2466,191.078,9.80511,-,2.23761e-08,2.33875e-06
DTXSID8034956,DSSTox_Substance_Id,DTXSID8034956,Tetraconazole,112281-77-3,C13H11Cl2F4N3O,372.14,1.65149e-11,309.506,4.27457,339.059,2.53277e-06,16.8987,8.21551,748.422,3.55959,6.10937,-,3.92031,1.35442e-06,0.000416843
DTXSID7034961,DSSTox_Substance_Id,DTXSID7034961,Thiacloprid,111988-49-9,C10H9ClN4S,252.72,1.53422e-11,21.9921,3.53448,320.604,3.1752e-09,0.43088,8.17322,311.59,0.922488,140.02,-,0.746717,1.24275e-07,0.000724689
DTXSID2034962,DSSTox_Substance_Id,DTXSID2034962,Thiamethoxam,153719-23-4,C8H10ClN5O3S,291.71,1.38631e-11,16.0938,4.44664,278.447,2.33251e-08,1.12466,7.38,119.597,-0.119138,157.297,4.37119,-,1.53881e-06,0.01393
DTXSID8035180,DSSTox_Substance_Id,DTXSID8035180,Allethrin,584-79-2,C19H26O3,302.414,1.97944e-10,28.908,3.34827,331.941,8.99077e-06,0.456395,9.16112,713.287,4.78026,-39.792,-,-,1.207e-06,1.04486e-06
DTXSID0037495,DSSTox_Substance_Id,DTXSID0037495,Deisopropylatrazine,1007-28-9,C5H8ClN5,173.6,5.7643e-11,10.2016,3.34731,328.608,9.92716e-09,0.121719,8.13933,51.684,1.15045,155.044,-,3.43359,4.93179e-09,0.0038598
DTXSID5037523,DSSTox_Substance_Id,DTXSID5037523,Diazoxon,962-58-3,C12H21N2O4P,288.284,1.74883e-11,0.448284,4.1383,330.831,2.71496e-07,0.281851,9.4182,294.957,2.07181,63.6208,-,3.88492,1.99791e-05,0.000942178
DTXSID0039223,DSSTox_Substance_Id,DTXSID0039223,Aldicarb,116-06-3,C7H14N2O2S,190.26,1.42903e-11,13.8305,3.54517,253.18,2.35627e-08,0.110306,7.49874,31.643,1.12863,98.4411,6.83551,-,3.49538e-05,0.0302814
DTXSID2039336,DSSTox_Substance_Id,DTXSID2039336,S-Bioallethrin,28434-00-6,C19H26O3,302.414,1.97944e-10,28.908,3.34827,331.941,8.99077e-06,0.456395,9.16112,713.287,4.78026,-39.792,-,-,1.207e-06,1.04486e-06
DTXSID4040002,DSSTox_Substance_Id,DTXSID4040002,Monobutyl phthalate,131-70-4,C12H14O4,222.24,9.26979e-12,2.86324,3.52471,304.763,3.18493e-09,0.0941144,9.03678,158.583,2.37223,73.7865,5.59183,-,6.17513e-07,0.0106526
DTXSID8040222,DSSTox_Substance_Id,DTXSID8040222,Trifloxysulfuron-sodium,199119-58-9,C14H13F3N5NaO6S,459.33,1.6636e-11,2.58458,4.62398,254.105,1.30255e-11,0.349054,9.50502,77.067,0.820144,177.814,-,3.27517,1.93702e-10,0.0553353
DTXSID7040362,DSSTox_Substance_Id,DTXSID7040362,5-Chloro-N-(2-chloro-4-nitrophenyl)-2-hydroxybenzamide,50-65-7,C13H8Cl2N2O4,327.12,1.38018e-11,59.9092,4.71712,343.392,5.06442e-09,0.667356,9.3347,2237.6,3.74763,229.95,-,-,1.49534e-11,6.23225e-05
DTXSID2040363,DSSTox_Substance_Id,DTXSID2040363,Diniconazole,83657-24-3,C15H17Cl2N3O,326.22,2.89104e-11,337.804,3.44852,325.566,1.00272e-09,2.12152,10.9963,626.879,4.29719,146.739,10.6755,-,3.616e-05,1.23557e-05
DTXSID4052760,DSSTox_Substance_Id,DTXSID4052760,Milbemectin A4,51596-11-3,C32H46O7,542.713,1.50371e-10,7.69643,143.162,434.354,1.32238e-11,0.711104,9.69462,133312.0,5.89514,213.583,7.9905,-,5.74932e-10,1.31845e-05
